sector_va,year,va,key_va,sector_hours,key_h,hours_idx_annual_raw,va_idx,hours_idx,prod_idx,flag_va_gt_hours,flag_prod_gt_100
Industria manifatturiera,2015,261810.0,industria manifatturiera,Attività manifatturiere,attività manifatturiere,94.4,93.65375190931172,94.96981891348088,98.6142260570507,0,0
Industria manifatturiera,2016,267106.9,industria manifatturiera,Attività manifatturiere,attività manifatturiere,96.375,95.548540337899,96.95674044265593,98.54759958067093,0,0
Industria manifatturiera,2017,276905.5,industria manifatturiera,Attività manifatturiere,attività manifatturiere,99.225,99.05366104932553,99.82394366197182,99.22835886422735,0,0
Industria manifatturiera,2018,279750.7,industria manifatturiera,Attività manifatturiere,attività manifatturiere,100.65,100.07143598126997,101.25754527162977,98.82862132675844,0,0
Industria manifatturiera,2019,280183.0,industria manifatturiera,Attività manifatturiere,attività manifatturiere,100.3,100.22607681603715,100.90543259557343,99.32674013473672,0,0
Industria manifatturiera,2020,241771.9,industria manifatturiera,Attività manifatturiere,attività manifatturiere,89.1,86.48579328995424,89.63782696177061,96.48358982066726,0,0
Industria manifatturiera,2021,279551.0,industria manifatturiera,Attività manifatturiere,attività manifatturiere,99.4,100.0,100.0,100.0,0,0
Industria manifatturiera,2022,286958.7,industria manifatturiera,Attività manifatturiere,attività manifatturiere,102.925,102.64985637683284,103.54627766599597,99.13427956140087,0,0
Industria manifatturiera,2023,285387.6,industria manifatturiera,Attività manifatturiere,attività manifatturiere,105.2,102.0878480134215,105.83501006036217,96.45943053739637,0,0
Industria manifatturiera,2024,283456.7,industria manifatturiera,Attività manifatturiere,attività manifatturiere,105.175,101.3971332601207,105.80985915492957,95.82957020257665,0,0
"Fornitura di energia elettrica, gas, vapore e aria condizionata",2015,20425.6,"fornitura di energia elettrica, gas, vapore e aria condizionata","Fornitura di energia elettrica, gas, vapore e aria condizionata","fornitura di energia elettrica, gas, vapore e aria condizionata",101.35,92.75973097062202,101.12247443252681,91.73008422822488,0,0
"Fornitura di energia elettrica, gas, vapore e aria condizionata",2016,20346.8,"fornitura di energia elettrica, gas, vapore e aria condizionata","Fornitura di energia elettrica, gas, vapore e aria condizionata","fornitura di energia elettrica, gas, vapore e aria condizionata",100.975,92.40187285137534,100.74831628835122,91.71555044841885,0,0
"Fornitura di energia elettrica, gas, vapore e aria condizionata",2017,21313.4,"fornitura di energia elettrica, gas, vapore e aria condizionata","Fornitura di energia elettrica, gas, vapore e aria condizionata","fornitura di energia elettrica, gas, vapore e aria condizionata",102.4,96.79153856284542,102.17011723621852,94.73566359825372,0,0
"Fornitura di energia elettrica, gas, vapore e aria condizionata",2018,22555.4,"fornitura di energia elettrica, gas, vapore e aria condizionata","Fornitura di energia elettrica, gas, vapore e aria condizionata","fornitura di energia elettrica, gas, vapore e aria condizionata",103.475,102.43189115300251,103.24270391618859,99.21465369228969,0,0
"Fornitura di energia elettrica, gas, vapore e aria condizionata",2019,23358.1,"fornitura di energia elettrica, gas, vapore e aria condizionata","Fornitura di energia elettrica, gas, vapore e aria condizionata","fornitura di energia elettrica, gas, vapore e aria condizionata",103.025,106.07723014182625,102.79371414317785,103.1942770295029,1,1
"Fornitura di energia elettrica, gas, vapore e aria condizionata",2020,22531.7,"fornitura di energia elettrica, gas, vapore e aria condizionata","Fornitura di energia elettrica, gas, vapore e aria condizionata","fornitura di energia elettrica, gas, vapore e aria condizionata",101.325,102.32426123642705,101.09753055624844,101.21341310062573,1,1
"Fornitura di energia elettrica, gas, vapore e aria condizionata",2021,22019.9,"fornitura di energia elettrica, gas, vapore e aria condizionata","Fornitura di energia elettrica, gas, vapore e aria condizionata","fornitura di energia elettrica, gas, vapore e aria condizionata",100.225,100.0,100.0,100.0,0,0
"Fornitura di energia elettrica, gas, vapore e aria condizionata",2022,16718.3,"fornitura di energia elettrica, gas, vapore e aria condizionata","Fornitura di energia elettrica, gas, vapore e aria condizionata","fornitura di energia elettrica, gas, vapore e aria condizionata",101.9,75.92359638327149,101.67123971065104,74.6755882974817,0,0
"Fornitura di energia elettrica, gas, vapore e aria condizionata",2023,16892.8,"fornitura di energia elettrica, gas, vapore e aria condizionata","Fornitura di energia elettrica, gas, vapore e aria condizionata","fornitura di energia elettrica, gas, vapore e aria condizionata",109.55,76.71606138084186,109.30406585183339,70.18591740661684,0,0
"Fornitura di energia elettrica, gas, vapore e aria condizionata",2024,18171.2,"fornitura di energia elettrica, gas, vapore e aria condizionata","Fornitura di energia elettrica, gas, vapore e aria condizionata","fornitura di energia elettrica, gas, vapore e aria condizionata",108.8,82.52171899054945,108.55574956348217,76.01782431827039,0,0
"Fornitura di acqua, reti fognarie, attività di trattamento dei rifiuti e risanamento",2015,16499.6,"fornitura di acqua, reti fognarie, attività di trattamento dei rifiuti e risanamento","Fornitura di acqua reti fognarie, attività di gestione dei rifiuti e risanamento","fornitura di acqua reti fognarie, attività di gestione dei rifiuti e risanamento",83.075,83.77557755775577,83.53443941679235,100.28866913173411,1,1
"Fornitura di acqua, reti fognarie, attività di trattamento dei rifiuti e risanamento",2016,17178.8,"fornitura di acqua, reti fognarie, attività di trattamento dei rifiuti e risanamento","Fornitura di acqua reti fognarie, attività di gestione dei rifiuti e risanamento","fornitura di acqua reti fognarie, attività di gestione dei rifiuti e risanamento",84.35,87.22416857070323,84.81649069884364,102.83869074518597,1,1
"Fornitura di acqua, reti fognarie, attività di trattamento dei rifiuti e risanamento",2017,17078.2,"fornitura di acqua, reti fognarie, attività di trattamento dei rifiuti e risanamento","Fornitura di acqua reti fognarie, attività di gestione dei rifiuti e risanamento","fornitura di acqua reti fognarie, attività di gestione dei rifiuti e risanamento",85.6,86.71337903021072,86.07340372046254,100.74352271675767,1,1
"Fornitura di acqua, reti fognarie, attività di trattamento dei rifiuti e risanamento",2018,17313.6,"fornitura di acqua, reti fognarie, attività di trattamento dei rifiuti e risanamento","Fornitura di acqua reti fognarie, attività di gestione dei rifiuti e risanamento","fornitura di acqua reti fognarie, attività di gestione dei rifiuti e risanamento",86.2,87.9086062452399,86.67672197083961,101.42124003583652,1,1
"Fornitura di acqua, reti fognarie, attività di trattamento dei rifiuti e risanamento",2019,17276.4,"fornitura di acqua, reti fognarie, attività di trattamento dei rifiuti e risanamento","Fornitura di acqua reti fognarie, attività di gestione dei rifiuti e risanamento","fornitura di acqua reti fognarie, attività di gestione dei rifiuti e risanamento",89.025,87.71972581873572,89.51734539969834,97.99187568293478,0,0
"Fornitura di acqua, reti fognarie, attività di trattamento dei rifiuti e risanamento",2020,17059.9,"fornitura di acqua, reti fognarie, attività di trattamento dei rifiuti e risanamento","Fornitura di acqua reti fognarie, attività di gestione dei rifiuti e risanamento","fornitura di acqua reti fognarie, attività di gestione dei rifiuti e risanamento",87.7,86.62046204620464,88.1850175967823,98.22582611738942,0,0
"Fornitura di acqua, reti fognarie, attività di trattamento dei rifiuti e risanamento",2021,19695.0,"fornitura di acqua, reti fognarie, attività di trattamento dei rifiuti e risanamento","Fornitura di acqua reti fognarie, attività di gestione dei rifiuti e risanamento","fornitura di acqua reti fognarie, attività di gestione dei rifiuti e risanamento",99.45,100.0,100.0,100.0,0,0
"Fornitura di acqua, reti fognarie, attività di trattamento dei rifiuti e risanamento",2022,21086.6,"fornitura di acqua, reti fognarie, attività di trattamento dei rifiuti e risanamento","Fornitura di acqua reti fognarie, attività di gestione dei rifiuti e risanamento","fornitura di acqua reti fognarie, attività di gestione dei rifiuti e risanamento",101.05,107.06575272911907,101.60884866767219,105.37050083038983,1,1
"Fornitura di acqua, reti fognarie, attività di trattamento dei rifiuti e risanamento",2023,19231.2,"fornitura di acqua, reti fognarie, attività di trattamento dei rifiuti e risanamento","Fornitura di acqua reti fognarie, attività di gestione dei rifiuti e risanamento","fornitura di acqua reti fognarie, attività di gestione dei rifiuti e risanamento",102.525,97.64508758568165,103.0920060331825,94.71644926014181,0,0
"Fornitura di acqua, reti fognarie, attività di trattamento dei rifiuti e risanamento",2024,18658.1,"fornitura di acqua, reti fognarie, attività di trattamento dei rifiuti e risanamento","Fornitura di acqua reti fognarie, attività di gestione dei rifiuti e risanamento","fornitura di acqua reti fognarie, attività di gestione dei rifiuti e risanamento",104.9,94.73521198273673,105.48014077425842,89.8133158406403,0,0
Costruzioni,2015,66504.5,costruzioni,Costruzioni,costruzioni,84.3,82.73803303325718,84.25787106446776,98.19620646473763,0,0
Costruzioni,2016,66849.6,costruzioni,Costruzioni,costruzioni,83.025,83.16737082543332,82.98350824587706,100.22156520427106,1,1
Costruzioni,2017,67458.3,costruzioni,Costruzioni,costruzioni,83.8,83.92465252377468,83.75812093953024,100.19882440338492,1,1
Costruzioni,2018,68209.4,costruzioni,Costruzioni,costruzioni,85.125,84.85909360086389,85.08245877061469,99.73747212647791,0,0
Costruzioni,2019,70241.4,costruzioni,Costruzioni,costruzioni,88.55,87.38709821895105,88.50574712643679,98.73607201362002,0,0
Costruzioni,2020,65962.9,costruzioni,Costruzioni,costruzioni,82.0,82.06423022757016,81.95902048975512,100.1283687105902,1,1
Costruzioni,2021,80379.6,costruzioni,Costruzioni,costruzioni,100.05,100.0,100.0,100.0,0,0
Costruzioni,2022,93726.9,costruzioni,Costruzioni,costruzioni,113.125,116.60533269635579,113.06846576711645,103.12807545874382,1,1
Costruzioni,2023,104441.0,costruzioni,Costruzioni,costruzioni,117.80000000000001,129.93470980198956,117.74112943528237,110.3562624421821,1,1
Costruzioni,2024,105564.0,costruzioni,Costruzioni,costruzioni,122.9,131.3318304644462,122.83858070964519,106.91415490616632,1,1
"Commercio all'ingrosso e al dettaglio, riparazione di autoveicoli e motocicli",2015,175381.9,"commercio allingrosso e al dettaglio, riparazione di autoveicoli e motocicli","Commercio all'ingrosso e al dettaglio, riparazione di autoveicoli e motocicli","commercio allingrosso e al dettaglio, riparazione di autoveicoli e motocicli",95.075,87.39677246388655,95.57677808494597,91.44142982745322,0,0
"Commercio all'ingrosso e al dettaglio, riparazione di autoveicoli e motocicli",2016,178835.4,"commercio allingrosso e al dettaglio, riparazione di autoveicoli e motocicli","Commercio all'ingrosso e al dettaglio, riparazione di autoveicoli e motocicli","commercio allingrosso e al dettaglio, riparazione di autoveicoli e motocicli",99.64999999999999,89.11772972175656,100.1759235988942,88.9612259314775,0,0
"Commercio all'ingrosso e al dettaglio, riparazione di autoveicoli e motocicli",2017,182135.9,"commercio allingrosso e al dettaglio, riparazione di autoveicoli e motocicli","Commercio all'ingrosso e al dettaglio, riparazione di autoveicoli e motocicli","commercio allingrosso e al dettaglio, riparazione di autoveicoli e motocicli",103.775,90.7624436147926,104.32269414425735,87.00162928047693,0,0
"Commercio all'ingrosso e al dettaglio, riparazione di autoveicoli e motocicli",2018,185390.7,"commercio allingrosso e al dettaglio, riparazione di autoveicoli e motocicli","Commercio all'ingrosso e al dettaglio, riparazione di autoveicoli e motocicli","commercio allingrosso e al dettaglio, riparazione di autoveicoli e motocicli",106.125,92.38438416290765,106.6850967579794,86.59539801748163,0,0
"Commercio all'ingrosso e al dettaglio, riparazione di autoveicoli e motocicli",2019,191983.8,"commercio allingrosso e al dettaglio, riparazione di autoveicoli e motocicli","Commercio all'ingrosso e al dettaglio, riparazione di autoveicoli e motocicli","commercio allingrosso e al dettaglio, riparazione di autoveicoli e motocicli",106.55,95.66987520007653,107.1123397838653,89.31732365581992,0,0
"Commercio all'ingrosso e al dettaglio, riparazione di autoveicoli e motocicli",2020,175832.3,"commercio allingrosso e al dettaglio, riparazione di autoveicoli e motocicli","Commercio all'ingrosso e al dettaglio, riparazione di autoveicoli e motocicli","commercio allingrosso e al dettaglio, riparazione di autoveicoli e motocicli",90.80000000000001,87.62121698363309,91.2792158833878,95.99251717452533,0,0
"Commercio all'ingrosso e al dettaglio, riparazione di autoveicoli e motocicli",2021,200673.2,"commercio allingrosso e al dettaglio, riparazione di autoveicoli e motocicli","Commercio all'ingrosso e al dettaglio, riparazione di autoveicoli e motocicli","commercio allingrosso e al dettaglio, riparazione di autoveicoli e motocicli",99.475,100.0,100.0,100.0,0,0
"Commercio all'ingrosso e al dettaglio, riparazione di autoveicoli e motocicli",2022,206653.0,"commercio allingrosso e al dettaglio, riparazione di autoveicoli e motocicli","Commercio all'ingrosso e al dettaglio, riparazione di autoveicoli e motocicli","commercio allingrosso e al dettaglio, riparazione di autoveicoli e motocicli",107.525,102.97986975839325,108.09248554913296,95.27014688878091,0,0
"Commercio all'ingrosso e al dettaglio, riparazione di autoveicoli e motocicli",2023,201496.5,"commercio allingrosso e al dettaglio, riparazione di autoveicoli e motocicli","Commercio all'ingrosso e al dettaglio, riparazione di autoveicoli e motocicli","commercio allingrosso e al dettaglio, riparazione di autoveicoli e motocicli",114.05,100.4102690344301,114.65192259361649,87.57835609118749,0,0
"Commercio all'ingrosso e al dettaglio, riparazione di autoveicoli e motocicli",2024,201172.3,"commercio allingrosso e al dettaglio, riparazione di autoveicoli e motocicli","Commercio all'ingrosso e al dettaglio, riparazione di autoveicoli e motocicli","commercio allingrosso e al dettaglio, riparazione di autoveicoli e motocicli",117.4,100.24871283260545,118.01960291530536,84.94242511944996,0,0
Trasporti e magazzinaggio,2015,74639.4,trasporti e magazzinaggio,Trasporto e magazzinaggio,trasporto e magazzinaggio,97.8,97.89672494524086,97.77555611097225,100.12392548719549,1,1
Trasporti e magazzinaggio,2016,77538.3,trasporti e magazzinaggio,Trasporto e magazzinaggio,trasporto e magazzinaggio,100.525,101.69891006387472,100.49987503124218,101.19307116775995,1,1
Trasporti e magazzinaggio,2017,82930.3,trasporti e magazzinaggio,Trasporto e magazzinaggio,trasporto e magazzinaggio,102.375,108.77103471794132,102.34941264683829,106.27421487337807,1,1
Trasporti e magazzinaggio,2018,82280.0,trasporti e magazzinaggio,Trasporto e magazzinaggio,trasporto e magazzinaggio,104.6,107.91810395708458,104.57385653586603,103.19797656125608,1,1
Trasporti e magazzinaggio,2019,84876.1,trasporti e magazzinaggio,Trasporto e magazzinaggio,trasporto e magazzinaggio,106.3,111.3231378618365,106.27343164208948,104.75161678861897,1,1
Trasporti e magazzinaggio,2020,69700.7,trasporti e magazzinaggio,Trasporto e magazzinaggio,trasporto e magazzinaggio,94.125,91.4191466757604,94.10147463134216,97.14953674627289,0,0
Trasporti e magazzinaggio,2021,76243.0,trasporti e magazzinaggio,Trasporto e magazzinaggio,trasporto e magazzinaggio,100.025,100.0,100.0,100.0,0,0
Trasporti e magazzinaggio,2022,82304.7,trasporti e magazzinaggio,Trasporto e magazzinaggio,trasporto e magazzinaggio,106.2,107.95050037380481,106.17345663584103,101.6737175130869,1,1
Trasporti e magazzinaggio,2023,83112.0,trasporti e magazzinaggio,Trasporto e magazzinaggio,trasporto e magazzinaggio,106.925,109.00935167818685,106.89827543114221,101.97484593510066,1,1
Trasporti e magazzinaggio,2024,81568.7,trasporti e magazzinaggio,Trasporto e magazzinaggio,trasporto e magazzinaggio,110.0,106.98516585129127,109.97250687328167,97.28355649341282,0,0
Servizi di alloggio e di ristorazione,2015,61832.5,servizi di alloggio e di ristorazione,Attività dei servizi di alloggio e di ristorazione,attività dei servizi di alloggio e di ristorazione,118.425,124.00800614499707,118.36581709145428,104.76673856708429,1,1
Servizi di alloggio e di ristorazione,2016,63351.0,servizi di alloggio e di ristorazione,Attività dei servizi di alloggio e di ristorazione,attività dei servizi di alloggio e di ristorazione,120.42500000000001,127.05342978679028,120.36481759120441,105.5569495550622,1,1
Servizi di alloggio e di ristorazione,2017,65576.7,servizi di alloggio e di ristorazione,Attività dei servizi di alloggio e di ristorazione,attività dei servizi di alloggio e di ristorazione,134.7,131.5171765102273,134.6326836581709,97.6859206373292,0,0
Servizi di alloggio e di ristorazione,2018,66886.9,servizi di alloggio e di ristorazione,Attività dei servizi di alloggio e di ristorazione,attività dei servizi di alloggio e di ristorazione,140.9,134.14484464027498,140.8295852073963,95.25331232263672,0,0
Servizi di alloggio e di ristorazione,2019,66919.6,servizi di alloggio e di ristorazione,Attività dei servizi di alloggio e di ristorazione,attività dei servizi di alloggio e di ristorazione,144.2,134.2104260384223,144.127936031984,93.11895371112449,0,0
Servizi di alloggio e di ristorazione,2020,38700.9,servizi di alloggio e di ristorazione,Attività dei servizi di alloggio e di ristorazione,attività dei servizi di alloggio e di ristorazione,83.8,77.61648720360517,83.75812093953024,92.6674170014403,0,0
Servizi di alloggio e di ristorazione,2021,49861.7,servizi di alloggio e di ristorazione,Attività dei servizi di alloggio e di ristorazione,attività dei servizi di alloggio e di ristorazione,100.05,100.0,100.0,100.0,0,0
Servizi di alloggio e di ristorazione,2022,65775.7,servizi di alloggio e di ristorazione,Attività dei servizi di alloggio e di ristorazione,attività dei servizi di alloggio e di ristorazione,142.025,131.916280431674,141.95402298850576,92.92887771300113,0,0
Servizi di alloggio e di ristorazione,2023,66880.2,servizi di alloggio e di ristorazione,Attività dei servizi di alloggio e di ristorazione,attività dei servizi di alloggio e di ristorazione,157.775,134.1314074730705,157.696151924038,85.05686780339536,0,0
Servizi di alloggio e di ristorazione,2024,67687.5,servizi di alloggio e di ristorazione,Attività dei servizi di alloggio e di ristorazione,attività dei servizi di alloggio e di ristorazione,169.875,135.75048584384407,169.79010494752623,79.9519417729307,0,0
Servizi di informazione e comunicazione,2015,53375.1,servizi di informazione e comunicazione,Servizi di informazione e comunicazione,servizi di informazione e comunicazione,86.0,85.12422132415561,85.97850537365657,99.00639811568217,0,0
Servizi di informazione e comunicazione,2016,55529.8,servizi di informazione e comunicazione,Servizi di informazione e comunicazione,servizi di informazione e comunicazione,87.85,88.5606019527101,87.82804298925268,100.83408321365769,1,1
Servizi di informazione e comunicazione,2017,56383.8,servizi di informazione e comunicazione,Servizi di informazione e comunicazione,servizi di informazione e comunicazione,91.775,89.92258694216827,91.75206198450387,98.00606656377424,0,0
Servizi di informazione e comunicazione,2018,55642.9,servizi di informazione e comunicazione,Servizi di informazione e comunicazione,servizi di informazione e comunicazione,92.475,88.74097724815239,92.45188702824294,95.98611786154575,0,0
Servizi di informazione e comunicazione,2019,57173.8,servizi di informazione e comunicazione,Servizi di informazione e comunicazione,servizi di informazione e comunicazione,94.325,91.182502798927,94.30142464383904,96.6926036836753,0,0
Servizi di informazione e comunicazione,2020,56724.9,servizi di informazione e comunicazione,Servizi di informazione e comunicazione,servizi di informazione e comunicazione,92.55,90.46658352285232,92.52686828292926,97.77331190570831,0,0
Servizi di informazione e comunicazione,2021,62702.6,servizi di informazione e comunicazione,Servizi di informazione e comunicazione,servizi di informazione e comunicazione,100.025,100.0,100.0,100.0,0,0
Servizi di informazione e comunicazione,2022,64800.6,servizi di informazione e comunicazione,Servizi di informazione e comunicazione,servizi di informazione e comunicazione,103.9,103.34595375630357,103.87403149212696,99.49161717492075,0,0
Servizi di informazione e comunicazione,2023,67276.0,servizi di informazione e comunicazione,Servizi di informazione e comunicazione,servizi di informazione e comunicazione,108.8,107.29379642949415,108.77280679830042,98.64027562371463,0,0
Servizi di informazione e comunicazione,2024,68144.1,servizi di informazione e comunicazione,Servizi di informazione e comunicazione,servizi di informazione e comunicazione,110.775,108.67826852475018,110.74731317170706,98.13174280467739,0,0
Attività finanziarie e assicurative,2015,82151.7,attività finanziarie e assicurative,Attività finanziarie e assicurative,attività finanziarie e assicurative,103.025,101.75324080152397,103.85584677419355,97.97545729202794,0,0
Attività finanziarie e assicurative,2016,81484.0,attività finanziarie e assicurative,Attività finanziarie e assicurative,attività finanziarie e assicurative,103.95,100.92622640153984,104.7883064516129,96.31439787429295,0,0
Attività finanziarie e assicurative,2017,81611.6,attività finanziarie e assicurative,Attività finanziarie e assicurative,attività finanziarie e assicurative,103.125,101.08427198703929,103.95665322580645,97.23694333201743,0,0
Attività finanziarie e assicurative,2018,81305.0,attività finanziarie e assicurative,Attività finanziarie e assicurative,attività finanziarie e assicurative,101.425,100.70451668520441,102.24294354838709,98.49532221022704,0,0
Attività finanziarie e assicurative,2019,81615.4,attività finanziarie e assicurative,Attività finanziarie e assicurative,attività finanziarie e assicurative,103.1,101.08897867375477,103.93145161290322,97.26505028551381,0,0
Attività finanziarie e assicurative,2020,81527.0,attività finanziarie e assicurative,Attività finanziarie e assicurative,attività finanziarie e assicurative,97.6,100.97948627753102,98.38709677419355,102.63488769191677,1,1
Attività finanziarie e assicurative,2021,80736.2,attività finanziarie e assicurative,Attività finanziarie e assicurative,attività finanziarie e assicurative,99.2,100.0,100.0,100.0,0,0
Attività finanziarie e assicurative,2022,80550.2,attività finanziarie e assicurative,Attività finanziarie e assicurative,attività finanziarie e assicurative,98.375,99.76962007129391,99.16834677419355,100.60631574152332,1,1
Attività finanziarie e assicurative,2023,74571.8,attività finanziarie e assicurative,Attività finanziarie e assicurative,attività finanziarie e assicurative,99.6,92.36476326604424,100.40322580645162,91.9938204416826,0,0
Attività finanziarie e assicurative,2024,76717.1,attività finanziarie e assicurative,Attività finanziarie e assicurative,attività finanziarie e assicurative,100.75,95.02193563729779,101.5625,93.56005970441629,0,0
"Attività professionali, scientifiche e tecniche",2015,96741.4,"attività professionali, scientifiche e tecniche","Attività professionali, scientifiche e tecniche","attività professionali, scientifiche e tecniche",89.1,85.4712468602538,88.89997505612372,96.1431618021205,0,0
"Attività professionali, scientifiche e tecniche",2016,99576.7,"attività professionali, scientifiche e tecniche","Attività professionali, scientifiche e tecniche","attività professionali, scientifiche e tecniche",96.675,87.97624085685585,96.45796956847094,91.20681396305537,0,0
"Attività professionali, scientifiche e tecniche",2017,102220.1,"attività professionali, scientifiche e tecniche","Attività professionali, scientifiche e tecniche","attività professionali, scientifiche e tecniche",95.725,90.3116907671362,95.51010226989274,94.55721292385715,0,0
"Attività professionali, scientifiche e tecniche",2018,105021.0,"attività professionali, scientifiche e tecniche","Attività professionali, scientifiche e tecniche","attività professionali, scientifiche e tecniche",100.7,92.7862922855232,100.47393364928911,92.34862109549714,0,0
"Attività professionali, scientifiche e tecniche",2019,102634.6,"attività professionali, scientifiche e tecniche","Attività professionali, scientifiche e tecniche","attività professionali, scientifiche e tecniche",103.875,90.67790245958199,103.64180593664256,87.49162718663398,0,0
"Attività professionali, scientifiche e tecniche",2020,105368.0,"attività professionali, scientifiche e tecniche","Attività professionali, scientifiche e tecniche","attività professionali, scientifiche e tecniche",97.95,93.0928675744947,97.730107258668,95.25505515726117,0,0
"Attività professionali, scientifiche e tecniche",2021,113185.9,"attività professionali, scientifiche e tecniche","Attività professionali, scientifiche e tecniche","attività professionali, scientifiche e tecniche",100.225,100.0,100.0,100.0,0,0
"Attività professionali, scientifiche e tecniche",2022,127120.9,"attività professionali, scientifiche e tecniche","Attività professionali, scientifiche e tecniche","attività professionali, scientifiche e tecniche",107.8,112.31160418391337,107.55799451234722,104.41957819418106,1,1
"Attività professionali, scientifiche e tecniche",2023,136421.4,"attività professionali, scientifiche e tecniche","Attività professionali, scientifiche e tecniche","attività professionali, scientifiche e tecniche",115.625,120.52861708039606,115.36542778747818,104.47550829736385,1,1
"Attività professionali, scientifiche e tecniche",2024,138503.1,"attività professionali, scientifiche e tecniche","Attività professionali, scientifiche e tecniche","attività professionali, scientifiche e tecniche",126.325,122.367803763543,126.04140683462211,97.08539981952184,0,0
Attività amministrative e di servizi di supporto,2015,50516.3,attività amministrative e di servizi di supporto,"Noleggio, agenzie di viaggio, servizi di supporto alle imprese","noleggio, agenzie di viaggio, servizi di supporto alle imprese",93.075,82.74686646180459,93.075,88.90342891410646,0,0
Attività amministrative e di servizi di supporto,2016,51592.2,attività amministrative e di servizi di supporto,"Noleggio, agenzie di viaggio, servizi di supporto alle imprese","noleggio, agenzie di viaggio, servizi di supporto alle imprese",98.1,84.50921551797568,98.1,86.14598931495992,0,0
Attività amministrative e di servizi di supporto,2017,54700.1,attività amministrative e di servizi di supporto,"Noleggio, agenzie di viaggio, servizi di supporto alle imprese","noleggio, agenzie di viaggio, servizi di supporto alle imprese",101.875,89.60002751878812,101.875,87.95094725770613,0,0
Attività amministrative e di servizi di supporto,2018,58380.8,attività amministrative e di servizi di supporto,"Noleggio, agenzie di viaggio, servizi di supporto alle imprese","noleggio, agenzie di viaggio, servizi di supporto alle imprese",107.475,95.62909915281446,107.475,88.97799409426794,0,0
Attività amministrative e di servizi di supporto,2019,59432.1,attività amministrative e di servizi di supporto,"Noleggio, agenzie di viaggio, servizi di supporto alle imprese","noleggio, agenzie di viaggio, servizi di supporto alle imprese",107.1,97.35115284065967,107.1,90.89743495859913,0,0
Attività amministrative e di servizi di supporto,2020,53789.5,attività amministrative e di servizi di supporto,"Noleggio, agenzie di viaggio, servizi di supporto alle imprese","noleggio, agenzie di viaggio, servizi di supporto alle imprese",91.975,88.10844368148969,91.975,95.7960790230929,0,0
Attività amministrative e di servizi di supporto,2021,61049.2,attività amministrative e di servizi di supporto,"Noleggio, agenzie di viaggio, servizi di supporto alle imprese","noleggio, agenzie di viaggio, servizi di supporto alle imprese",100.0,100.0,100.0,100.0,0,0
Attività amministrative e di servizi di supporto,2022,66789.6,attività amministrative e di servizi di supporto,"Noleggio, agenzie di viaggio, servizi di supporto alle imprese","noleggio, agenzie di viaggio, servizi di supporto alle imprese",109.475,109.4029078186119,109.475,99.9341473565763,0,0
Attività amministrative e di servizi di supporto,2023,65023.9,attività amministrative e di servizi di supporto,"Noleggio, agenzie di viaggio, servizi di supporto alle imprese","noleggio, agenzie di viaggio, servizi di supporto alle imprese",114.55,106.51065042621362,114.55,92.98179871341215,0,0
Attività amministrative e di servizi di supporto,2024,66681.9,attività amministrative e di servizi di supporto,"Noleggio, agenzie di viaggio, servizi di supporto alle imprese","noleggio, agenzie di viaggio, servizi di supporto alle imprese",120.35,109.22649273045346,120.35,90.75736828454795,0,0
Istruzione,2015,70664.5,istruzione,Istruzione,istruzione,84.375,101.2017116980354,84.31176617536848,120.03272649695873,1,1
Istruzione,2016,70475.7,istruzione,Istruzione,istruzione,89.85,100.93132298561842,89.78266300274794,112.41738617457722,1,1
Istruzione,2017,70334.3,istruzione,Istruzione,istruzione,93.1,100.72881788002647,93.03022732950286,108.27536465460419,1,1
Istruzione,2018,70898.9,istruzione,Istruzione,istruzione,98.85,101.53740615879035,98.77591806145391,102.79570987699489,1,1
Istruzione,2019,70340.8,istruzione,Istruzione,istruzione,102.875,100.73812681345184,102.79790157381963,97.99628715291561,0,0
Istruzione,2020,67850.0,istruzione,Istruzione,istruzione,80.525,97.17094352484914,80.46465151136648,120.76227473765013,1,1
Istruzione,2021,69825.4,istruzione,Istruzione,istruzione,100.075,100.0,100.0,100.0,0,0
Istruzione,2022,70052.1,istruzione,Istruzione,istruzione,113.75,100.32466695500493,113.66475143642268,88.2636575430516,0,0
Istruzione,2023,69397.9,istruzione,Istruzione,istruzione,123.05,99.38775860933127,122.95778166375219,80.83080002298925,0,0
Istruzione,2024,67709.2,istruzione,Istruzione,istruzione,130.425,96.96929770541952,130.3272545590807,74.4044659219464,0,0
Sanità e assistenza sociale,2015,101834.6,sanità e assistenza sociale,Sanità e assistenza sociale,sanità e assistenza sociale,85.875,98.1391695698474,85.85353661584604,114.30999052371453,1,1
Sanità e assistenza sociale,2016,101301.5,sanità e assistenza sociale,Sanità e assistenza sociale,sanità e assistenza sociale,90.7,97.62541499824123,90.67733066733317,107.66242706944959,1,1
Sanità e assistenza sociale,2017,102381.9,sanità e assistenza sociale,Sanità e assistenza sociale,sanità e assistenza sociale,92.775,98.66660884397993,92.75181204698825,106.3770148166973,1,1
Sanità e assistenza sociale,2018,101973.6,sanità e assistenza sociale,Sanità e assistenza sociale,sanità e assistenza sociale,96.5,98.27312546077454,96.47588102974255,101.86289506957486,1,1
Sanità e assistenza sociale,2019,99819.1,sanità e assistenza sociale,Sanità e assistenza sociale,sanità e assistenza sociale,98.65,96.19680915140388,98.62534366408397,97.53761617201393,0,0
Sanità e assistenza sociale,2020,93609.2,sanità e assistenza sociale,Sanità e assistenza sociale,sanità e assistenza sociale,93.375,90.21225744587555,93.35166208447887,96.63701259463136,0,0
Sanità e assistenza sociale,2021,103765.5,sanità e assistenza sociale,Sanità e assistenza sociale,sanità e assistenza sociale,100.025,100.0,100.0,100.0,0,0
Sanità e assistenza sociale,2022,106896.8,sanità e assistenza sociale,Sanità e assistenza sociale,sanità e assistenza sociale,101.9,103.01766964935359,101.8745313671582,101.12210408907355,1,1
Sanità e assistenza sociale,2023,107896.9,sanità e assistenza sociale,Sanità e assistenza sociale,sanità e assistenza sociale,107.8,103.98147746601713,107.77305673581604,96.48188574710912,0,0
Sanità e assistenza sociale,2024,105001.9,sanità e assistenza sociale,Sanità e assistenza sociale,sanità e assistenza sociale,110.75,101.19153283123967,110.72231942014496,91.3921722026614,0,0
"Attività artistiche, di intrattenimento e divertimento",2015,17162.8,"attività artistiche, di intrattenimento e divertimento","Attività artistiche, sportive, di intrattenimento e divertimento","attività artistiche, sportive, di intrattenimento e divertimento",123.45,123.68605011494584,123.29588014981273,100.31645012360431,1,1
"Attività artistiche, di intrattenimento e divertimento",2016,18801.2,"attività artistiche, di intrattenimento e divertimento","Attività artistiche, sportive, di intrattenimento e divertimento","attività artistiche, sportive, di intrattenimento e divertimento",128.625,135.49340232486074,128.46441947565543,105.47154058524144,1,1
"Attività artistiche, di intrattenimento e divertimento",2017,19035.7,"attività artistiche, di intrattenimento e divertimento","Attività artistiche, sportive, di intrattenimento e divertimento","attività artistiche, sportive, di intrattenimento e divertimento",137.3,137.1833584364483,137.12858926342074,100.03994001055632,1,1
"Attività artistiche, di intrattenimento e divertimento",2018,19035.6,"attività artistiche, di intrattenimento e divertimento","Attività artistiche, sportive, di intrattenimento e divertimento","attività artistiche, sportive, di intrattenimento e divertimento",138.95,137.18263777286123,138.77652933832707,98.85146892412907,0,0
"Attività artistiche, di intrattenimento e divertimento",2019,20123.4,"attività artistiche, di intrattenimento e divertimento","Attività artistiche, sportive, di intrattenimento e divertimento","attività artistiche, sportive, di intrattenimento e divertimento",134.025,145.0220162725838,133.85767790262173,108.34045423833206,1,1
"Attività artistiche, di intrattenimento e divertimento",2020,14440.6,"attività artistiche, di intrattenimento e divertimento","Attività artistiche, sportive, di intrattenimento e divertimento","attività artistiche, sportive, di intrattenimento e divertimento",85.525,104.06814594878965,85.41822721598002,121.83365230193,1,1
"Attività artistiche, di intrattenimento e divertimento",2021,13876.1,"attività artistiche, di intrattenimento e divertimento","Attività artistiche, sportive, di intrattenimento e divertimento","attività artistiche, sportive, di intrattenimento e divertimento",100.125,100.0,100.0,100.0,0,0
"Attività artistiche, di intrattenimento e divertimento",2022,18636.3,"attività artistiche, di intrattenimento e divertimento","Attività artistiche, sportive, di intrattenimento e divertimento","attività artistiche, sportive, di intrattenimento e divertimento",149.55,134.3050280698467,149.36329588014982,89.91836132058442,0,0
"Attività artistiche, di intrattenimento e divertimento",2023,20154.1,"attività artistiche, di intrattenimento e divertimento","Attività artistiche, sportive, di intrattenimento e divertimento","attività artistiche, sportive, di intrattenimento e divertimento",160.075,145.24325999380227,159.87515605493132,90.84792382870188,0,0
"Attività artistiche, di intrattenimento e divertimento",2024,20024.2,"attività artistiche, di intrattenimento e divertimento","Attività artistiche, sportive, di intrattenimento e divertimento","attività artistiche, sportive, di intrattenimento e divertimento",166.15,144.3071179942491,165.94257178526843,86.96208359418712,0,0
Altre attività di servizi,2015,27997.0,altre attività di servizi,Altre attività di servizi,altre attività di servizi,107.75,113.84087406630316,107.75,105.65278335619783,1,1
Altre attività di servizi,2016,27500.4,altre attività di servizi,Altre attività di servizi,altre attività di servizi,108.55,111.82160849994511,108.55,103.01391847070025,1,1
Altre attività di servizi,2017,28293.1,altre attività di servizi,Altre attività di servizi,altre attività di servizi,111.275,115.04487030915176,111.275,103.38788614617098,1,1
Altre attività di servizi,2018,28000.0,altre attività di servizi,Altre attività di servizi,altre attività di servizi,122.5,113.85307260979707,122.5,92.94128376309965,0,0
Altre attività di servizi,2019,26917.1,altre attività di servizi,Altre attività di servizi,altre attività di servizi,126.9,109.44980502661316,126.9,86.24886132908838,0,0
Altre attività di servizi,2020,22743.3,altre attività di servizi,Altre attività di servizi,altre attività di servizi,98.575,92.47837808165706,98.575,93.81524532757498,0,0
Altre attività di servizi,2021,24593.1,altre attività di servizi,Altre attività di servizi,altre attività di servizi,100.0,100.0,100.0,100.0,0,0
Altre attività di servizi,2022,26823.6,altre attività di servizi,Altre attività di servizi,altre attività di servizi,111.025,109.06961708771973,111.025,98.23879044153995,0,0
Altre attività di servizi,2023,28328.4,altre attività di servizi,Altre attività di servizi,altre attività di servizi,115.0,115.1884065042634,115.0,100.16383174283774,1,1
Altre attività di servizi,2024,28300.1,altre attività di servizi,Altre attività di servizi,altre attività di servizi,116.65,115.07333357730421,116.65,98.64837854891059,0,0
